Date,game_title
"Monday, January 01, 2023",7 Wonders
"Monday, October 28, 2024",7 Wonders
"Monday, January 01, 2023",7 Wonders: Architects
"Monday, January 01, 2023",7 Wonders: Architects
"Monday, January 01, 2023",7 Wonders: Architects
"Monday, January 01, 2023",7 Wonders: Architects
"Monday, January 01, 2023",7 Wonders: Architects
"Monday, January 01, 2023",7 Wonders: Architects
"Monday, January 01, 2023",7 Wonders: Architects
"Monday, January 01, 2023",Aquamarine
"Monday, January 01, 2023",Aquamarine
"Saturday, October 12, 2024",Ares Expedition 
"Saturday, October 26, 2024",Ares Expedition 
"Saturday, October 26, 2024",Ares Expedition 
"Monday, January 01, 2023","Ark Nova (Map A, start 10)"
"Monday, January 01, 2023","Ark Nova (Map A, start 10)"
"Monday, January 01, 2023","Ark Nova (Map A, start 10)"
"Monday, January 01, 2023","Ark Nova (Map A, start 10)"
"Monday, January 01, 2023","Ark Nova (Map A, start 10)"
"Monday, January 01, 2023","Ark Nova (Map A, start 10)"
"Monday, January 01, 2023","Ark Nova (Map A, start 10)"
"Monday, January 01, 2023","Ark Nova (Map A, start 10)"
"Monday, January 01, 2023","Ark Nova (Map A, start 10)"
"Monday, January 01, 2023","Ark Nova (Map A, start 10)"
"Monday, January 01, 2023","Ark Nova (Map A, start 10)"
"Monday, January 01, 2023","Ark Nova (Map A, start 10)"
"Monday, January 01, 2023","Ark Nova (Map A, start 10)"
"Monday, January 01, 2023","Ark Nova (Map A, start 10)"
"Tuesday, January 02, 2024","Ark Nova (Map A, start 10)"
"Wednesday, January 03, 2024","Ark Nova (Map A, start 10)"
"Sunday, January 07, 2024","Ark Nova (Map A, start 10)"
"Saturday, January 13, 2024","Ark Nova (Map A, start 10)"
"Tuesday, January 16, 2024","Ark Nova (Map A, start 10)"
"Sunday, January 28, 2024","Ark Nova (Map A, start 10)"
"Monday, January 29, 2024","Ark Nova (Map A, start 10)"
"Tuesday, January 30, 2024","Ark Nova (Map A, start 10)"
"Wednesday, February 07, 2024","Ark Nova (Map A, start 10)"
"Wednesday, February 07, 2024","Ark Nova (Map A, start 10)"
"Thursday, February 08, 2024","Ark Nova (Map A, start 10)"
"Thursday, February 08, 2024","Ark Nova (Map A, start 10)"
"Wednesday, February 14, 2024","Ark Nova (Map A, start 10)"
"Wednesday, February 14, 2024","Ark Nova (Map A, start 10)"
"Friday, February 16, 2024","Ark Nova (Map A, start 10)"
"Sunday, February 18, 2024","Ark Nova (Map A, start 10)"
"Friday, February 23, 2024","Ark Nova (Map A, start 10)"
"Thursday, March 21, 2024","Ark Nova (Map A, start 10)"
"Monday, March 25, 2024","Ark Nova (Map A, start 10)"
"Sunday, April 28, 2024","Ark Nova (Map A, start 10)"
"Tuesday, May 7, 2024","Ark Nova (Map A, start 10)"
"Thursday, August 1, 2024","Ark Nova (Map A, start 10)"
"Friday, August 2, 2024","Ark Nova (Map A, start 10)"
"Thursday, August 15, 2024","Ark Nova (Map A, start 10)"
"Sunday, September 1, 2024","Ark Nova (Map A, start 10)"
"Tuesday, September 17, 2024","Ark Nova (Map A, start 10)"
"Monday, January 01, 2023",Ark nova minima
"Monday, January 01, 2023",Ark nova minima
"Monday, January 01, 2023",Ark nova minima
"Sunday, February 04, 2024",Ark nova minima
"Tuesday, February 06, 2024",Ark nova minima
"Saturday, February 10, 2024",Ark nova minima
"Monday, January 01, 2023",Azul
"Monday, January 01, 2023",Azul
"Monday, January 01, 2023",Azul
"Monday, January 01, 2023",Azul
"Friday, February 09, 2024",Azul
"Tuesday, May 14, 2024",Azul
"Thursday, May 30, 2024",Azul
"Sunday, July 14, 2024",Azul
"Monday, January 01, 2023",Bah Humbug
"Monday, January 01, 2023",Bah Humbug
"Monday, January 01, 2023",Bah Humbug
"Monday, January 01, 2023",Bah Humbug
"Monday, January 01, 2023",Bah Humbug
"Monday, January 01, 2023",Bah Humbug
"Monday, January 01, 2023",Bah Humbug
"Monday, January 01, 2023",Bananagrams
"Monday, January 01, 2023",Bananagrams
"Monday, January 01, 2023",The Bears and the Bees
"Monday, January 01, 2023",The Bears and the Bees
"Monday, January 01, 2023",The Bears and the Bees
"Monday, January 01, 2023",The Bears and the Bees
"Monday, January 01, 2023",The Bears and the Bees
"Monday, January 01, 2023",The Bears and the Bees
"Tuesday, May 28, 2024",The Bears and the Bees
"Thursday, May 30, 2024",The Bears and the Bees
"Saturday, June 1, 2024",The Bears and the Bees
"Friday, June 14, 2024",The Bears and the Bees
"Saturday, June 15, 2024",The Bears and the Bees
"Saturday, June 15, 2024",The Bears and the Bees
"Friday, June 21, 2024",The Bears and the Bees
"Tuesday, June 25, 2024",The Bears and the Bees
"Sunday, June 30, 2024",The Bears and the Bees
"Thursday, July 4, 2024",The Bears and the Bees
"Wednesday, July 10, 2024",The Bears and the Bees
"Friday, August 2, 2024",The Bears and the Bees
"Saturday, August 3, 2024",The Bears and the Bees
"Monday, January 01, 2023",Beez
"Monday, January 01, 2023",Beez
"Monday, January 01, 2023",Beez
"Monday, January 01, 2023",Brass: Birgingham
"Monday, January 01, 2023",Brass: Birgingham
"Monday, January 01, 2023",Brass: Lancashire
"Monday, January 01, 2023",Brass: Lancashire
"Monday, January 01, 2023",Brass: Lancashire
"Monday, January 01, 2023",Brass: Lancashire
"Sunday, September 1, 2024",Bohnanza
"Friday, September 13, 2024",Bohnanza
"Tuesday, September 17, 2024",Bohnanza
"Saturday, September 28, 2024",Bohnanza
"Monday, January 01, 2023",Bohnanza: My First
"Monday, January 01, 2023",Bohnanza: My First
"Monday, January 01, 2023",Bohnanza: My First
"Monday, January 01, 2023",Bohnanza: My First
"Monday, January 01, 2023",Bohnanza: My First
"Monday, January 01, 2023",Bohnanza: My First
"Monday, January 01, 2023",Bohnanza: My First
"Monday, January 01, 2023",Bohnanza: My First
"Monday, January 01, 2023",Bohnanza: My First
"Wednesday, April 03, 2024",Bohnanza: My First
"Wednesday, May 1, 2024",Bohnanza: My First
"Monday, January 01, 2023",Bohnanza: Wūrfel
"Monday, January 01, 2023",Bohnanza: Wūrfel
"Monday, January 01, 2023",Bohnanza: Wūrfel
"Monday, January 01, 2023",Busy Beaks
"Monday, January 01, 2023",Busy Beaks
"Monday, January 01, 2023",Busy Beaks
"Monday, January 01, 2023",Busy Beaks
"Monday, January 01, 2023",Busy Beaks
"Monday, January 01, 2023",Busy Beaks
"Friday, April 05, 2024",Busy Beaks
"Monday, January 01, 2023",Calico
"Thursday, January 18, 2024",Calico
"Saturday, February 10, 2024",Calico
"Friday, February 23, 2024",Calico
"Wednesday, February 28, 2024",Calico
"Monday, March 11, 2024",Calico
"Monday, March 18, 2024",Calico
"Saturday, August 3, 2024",Calico
"Monday, January 01, 2023",Canvas
"Monday, January 01, 2023",Canvas
"Monday, January 01, 2023",Canvas
"Monday, January 01, 2023",Canvas
"Monday, January 01, 2023",Canvas
"Monday, January 01, 2023",Canvas
"Monday, January 01, 2023",Canvas
"Monday, January 01, 2023",Canvas
"Thursday, January 25, 2024",Canvas
"Tuesday, March 05, 2024",Canvas
"Monday, January 01, 2023",Carcassonne: The City
"Monday, January 01, 2023",Carcassonne: The City
"Monday, January 01, 2023",Carcassonne: The City
"Monday, January 01, 2023",Carcassonne: The City
"Sunday, February 11, 2024",Carcassonne: The City
"Monday, January 01, 2023",Carcassonne: Wheel of Fortune
"Monday, January 01, 2023",Carcassonne: Wheel of Fortune
"Monday, January 01, 2023",Cards: Canasta
"Monday, January 01, 2023",Cards: Canasta
"Monday, January 01, 2023",Cards: Canasta
"Friday, April 26, 2024",Cards: Canasta
"Monday, January 01, 2023",Cards: James Bond
"Monday, January 01, 2023",Cards: James Bond
"Monday, January 01, 2023",Cards: James Bond
"Monday, January 01, 2023",Cards: James Bond
"Monday, January 01, 2023",Cards: James Bond
"Monday, January 01, 2023",Cards: James Bond
"Saturday, January 20, 2024",Cards: Poker
"Saturday, February 03, 2024",Cards: Poker
"Monday, January 01, 2023",Cards: rummy
"Monday, January 01, 2023",Cards: rummy
"Monday, January 01, 2023",Cards: rummy
"Saturday, February 03, 2024",Cards: Wizard
"Tuesday, February 06, 2024",Cards: Wizard
"Wednesday, February 07, 2024",Cards: Wizard
"Thursday, February 08, 2024",Cards: Wizard
"Sunday, February 11, 2024",Cards: Wizard
"Sunday, February 11, 2024",Cards: Wizard
"Monday, October 7, 2024",Cascadia
"Monday, October 7, 2024",Cascadia
"Tuesday, October 8, 2024",Cascadia
"Wednesday, October 9, 2024",Cascadia
"Thursday, October 10, 2024",Cascadia
"Saturday, October 12, 2024",Cascadia
"Monday, October 21, 2024",Cascadia
"Friday, October 25, 2024",Cascadia
"Saturday, October 26, 2024",Cascadia
"Sunday, October 6, 2024",Castle Panic
"Wednesday, October 9, 2024",Castle Panic
"Wednesday, October 9, 2024",Castle Panic
"Monday, January 01, 2023",Catan
"Monday, January 01, 2023",Catan
"Monday, January 01, 2023",Catan
"Monday, January 01, 2023",Catan: Junior
"Monday, January 01, 2023",Catan: Junior
"Monday, January 01, 2023",Catan: Junior
"Wednesday, January 24, 2024",Century: Eastern
"Thursday, March 07, 2024",Century: Eastern
"Thursday, March 07, 2024",Century: Eastern
"Friday, March 08, 2024",Century: Eastern
"Monday, January 01, 2023",Century: A New World
"Monday, January 01, 2023",Century: A New World
"Monday, January 01, 2023",Century: Spice Road
"Monday, January 01, 2023",Century: Spice Road
"Monday, January 01, 2023",Century: Spice Road
"Monday, January 01, 2023",Century: Spice Road
"Monday, January 01, 2023",Century: Spice Road
"Monday, January 01, 2023",Century: Spice Road
"Monday, January 01, 2023",Century: Spice Road
"Monday, January 01, 2023",Century: Spice Road
"Monday, January 01, 2023",Century: Spice Road
"Monday, April 01, 2024",Century: Spice Road
"Wednesday, April 03, 2024",Century: Spice Road
"Tuesday, May 14, 2024",Century: Spice Road
"Monday, January 01, 2023",Cluedo
"Monday, January 01, 2023",Cluedo
"Monday, January 01, 2023",Cluedo
"Monday, January 01, 2023",Cluedo
"Monday, January 01, 2023",Cluedo
"Friday, August 16, 2024",Cluedo
"Monday, January 01, 2023",Cluedo: junior
"Monday, January 01, 2023",Cluedo: junior
"Thursday, January 25, 2024",Cluedo: junior
"Friday, August 23, 2024",Cluedo: junior
"Saturday, August 24, 2024",Cluedo: junior
"Monday, January 01, 2023",Coconuts
"Monday, January 01, 2023",Concordia
"Monday, January 01, 2023",Concordia
"Monday, January 01, 2023",The Crew: Mission Deep Sea
"Monday, January 01, 2023",The Crew: Mission Deep Sea
"Monday, January 01, 2023",The Crew: Mission Deep Sea
"Monday, January 01, 2023",The Crew: Mission Deep Sea
"Monday, January 01, 2023",The Crew: Mission Deep Sea
"Monday, January 01, 2023",The Crew: Mission Deep Sea
"Monday, January 01, 2023",The Crew: Mission Deep Sea
"Monday, January 01, 2023",The Crew: Mission Deep Sea
"Monday, January 01, 2023",The Crew: Mission Deep Sea
"Monday, January 01, 2023",The Crew: Mission Deep Sea
"Sunday, September 29, 2024",The Crew: Mission Deep Sea
"Friday, October 4, 2024",The Crew: Mission Deep Sea
"Friday, October 4, 2024",The Crew: Mission Deep Sea
"Sunday, October 6, 2024",The Crew: Mission Deep Sea
"Monday, October 7, 2024",The Crew: Mission Deep Sea
"Monday, October 7, 2024",The Crew: Mission Deep Sea
"Tuesday, October 8, 2024",The Crew: Mission Deep Sea
"Wednesday, October 9, 2024",The Crew: Mission Deep Sea
"Saturday, October 12, 2024",The Crew: Mission Deep Sea
"Saturday, October 26, 2024",The Crew: Mission Deep Sea
"Monday, January 01, 2023",Dino World
"Monday, January 01, 2023",Dino World
"Monday, January 01, 2023",Dino World
"Monday, January 01, 2023",Dino World
"Monday, January 01, 2023",Dino World
"Monday, January 01, 2023",Dino World
"Monday, January 01, 2023",Dino World
"Monday, January 01, 2023",Dino World
"Monday, January 01, 2023",Dino World
"Monday, January 01, 2023",Dino World
"Monday, January 01, 2023",Dino World
"Monday, January 01, 2023",Dino World
"Monday, January 01, 2023",Dino World
"Monday, January 01, 2023",Dino World
"Monday, January 01, 2023",Dino World
"Monday, January 01, 2023",Dinosaur Tea Party
"Monday, January 01, 2023",Dinosaur Tea Party
"Monday, January 01, 2023",Dinosaur Tea Party
"Monday, January 01, 2023",Dinosaur Tea Party
"Monday, January 01, 2023",Dinosaur Tea Party
"Monday, January 01, 2023",Dinosaur Tea Party
"Monday, January 01, 2023",Dinosaur Tea Party
"Monday, January 01, 2023",Dinosaur Tea Party
"Wednesday, October 16, 2024",Dinosaur Tea Party
"Monday, January 01, 2023",Dominion
"Monday, January 01, 2023",Dominion
"Friday, February 16, 2024",Dominion
"Sunday, March 24, 2024",Dominion
"Monday, January 01, 2023",Draftosaurus
"Monday, January 01, 2023",Draftosaurus
"Monday, January 01, 2023",Draftosaurus
"Monday, January 01, 2023",Draftosaurus
"Monday, January 01, 2023",Draftosaurus
"Saturday, February 03, 2024",Draftosaurus
"Friday, September 13, 2024",Draftosaurus
"Monday, January 01, 2023",Dragomino
"Monday, January 01, 2023",Dragomino
"Monday, January 01, 2023",Dragomino
"Monday, January 01, 2023",Dragomino
"Monday, January 01, 2023",Dragomino
"Friday, June 28, 2024",Dragomino
"Monday, January 01, 2023",Dragon Parks
"Monday, January 01, 2023",Dragon Parks
"Monday, January 01, 2023",Dragon Parks
"Monday, January 01, 2023",Dragon Parks
"Monday, January 22, 2024",Dragon Parks
"Friday, April 05, 2024",Dragon Parks
"Friday, September 13, 2024",Dragon Parks
"Monday, January 01, 2023",Dragonstark
"Monday, January 01, 2023",Dragonstark
"Monday, January 01, 2023",Dragonstark
"Monday, January 01, 2023",Dragonstark
"Monday, January 01, 2023",Dragonstark
"Thursday, May 30, 2024",Dragonstark
"Monday, June 17, 2024",Dragonstark
"Monday, January 01, 2023",Everdell: My Lil'
"Monday, January 01, 2023",Everdell: My Lil'
"Monday, January 01, 2023",Everdell: My Lil'
"Monday, January 01, 2023",Everdell: My Lil'
"Monday, January 01, 2023",Everdell: My Lil'
"Friday, March 15, 2024",Everdell: My Lil'
"Saturday, October 26, 2024",Exit 
"Monday, January 01, 2023",Exploding Kittens
"Monday, January 01, 2023",Exploding Kittens
"Monday, January 01, 2023",Fairytale in my pocket
"Monday, January 01, 2023",Fairytale in my pocket
"Monday, January 01, 2023",Fairytale in my pocket
"Saturday, March 23, 2024",Fairytale in my pocket
"Monday, August 26, 2024",Fairytale in my pocket
"Monday, January 01, 2023",Familiar Tales
"Monday, January 01, 2023",Familiar Tales
"Monday, January 01, 2023",Familiar Tales
"Monday, January 01, 2023",Familiar Tales
"Monday, January 01, 2023",Familiar Tales
"Monday, January 01, 2023",Familiar Tales
"Monday, January 01, 2023",Familiar Tales
"Monday, January 01, 2023",Familiar Tales
"Monday, January 01, 2023",Familiar Tales
"Monday, January 01, 2023",Familiar Tales
"Monday, January 01, 2023",Familiar Tales
"Monday, January 01, 2023",Familiar Tales
"Monday, January 01, 2023",Familiar Tales
"Monday, January 01, 2023",Familiar Tales
"Monday, January 01, 2023",Familiar Tales
"Monday, January 01, 2023",Familiar Tales
"Monday, January 01, 2023",Familiar Tales
"Monday, January 01, 2023",Familiar Tales
"Monday, January 01, 2023",Familiar Tales
"Monday, January 01, 2023",Familiar Tales
"Monday, January 01, 2023",Familiar Tales
"Monday, January 01, 2023",Familiar Tales
"Monday, January 01, 2023",Familiar Tales
"Monday, January 01, 2023",Familiar Tales
"Monday, January 01, 2023",Familiar Tales
"Monday, January 01, 2023",Familiar Tales
"Monday, January 01, 2023",Familiar Tales
"Tuesday, July 9, 2024",Familiar Tales
"Tuesday, July 9, 2024",Familiar Tales
"Wednesday, July 10, 2024",Familiar Tales
"Friday, July 12, 2024",Familiar Tales
"Saturday, July 13, 2024",Familiar Tales
"Thursday, July 18, 2024",Familiar Tales
"Monday, August 12, 2024",Familiar Tales
"Tuesday, August 13, 2024",Familiar Tales
"Sunday, September 22, 2024",Familiar Tales
"Saturday, October 12, 2024",Familiar Tales
"Saturday, October 19, 2024",Familiar Tales
"Monday, January 01, 2023",Flamecraft
"Saturday, January 06, 2024",Flamecraft
"Saturday, February 03, 2024",Flamecraft
"Saturday, March 23, 2024",Flamecraft
"Sunday, March 24, 2024",Flamecraft
"Wednesday, April 03, 2024",Flamecraft
"Sunday, May 12, 2024",Flamecraft
"Sunday, June 30, 2024",Flamecraft
"Monday, January 01, 2023",For Northwood!
"Monday, January 01, 2023",For Northwood!
"Monday, January 01, 2023",For Northwood!
"Monday, January 01, 2023",For Northwood!
"Monday, January 01, 2023",For Northwood!
"Monday, January 01, 2023",For Northwood!
"Monday, January 01, 2023",For Northwood!
"Monday, January 01, 2023",For Northwood!
"Monday, January 01, 2023",For Northwood!
"Monday, January 01, 2023",For Northwood!
"Monday, January 01, 2023",For Northwood!
"Wednesday, January 03, 2024",Forbidden Desert
"Monday, January 15, 2024",Forbidden Desert
"Sunday, March 03, 2024",Forbidden Desert
"Saturday, September 21, 2024",Forbidden Desert
"Monday, January 01, 2023",Forbidden Island
"Monday, January 01, 2023",Forbidden Island
"Monday, January 01, 2023",Forbidden Island
"Monday, January 01, 2023",Forbidden Island
"Monday, January 01, 2023",Forbidden Island
"Monday, January 01, 2023",Forbidden Island
"Monday, January 01, 2023",Forbidden Island
"Monday, January 01, 2023",Forgotten waters
"Monday, January 01, 2023",Forgotten waters
"Monday, January 01, 2023",Forgotten waters
"Monday, January 01, 2023",Forgotten waters
"Monday, January 01, 2023",Forgotten waters
"Monday, January 01, 2023",Forgotten waters
"Monday, January 01, 2023",Forgotten waters
"Monday, January 01, 2023",Forgotten waters
"Monday, January 01, 2023",Geminion
"Monday, January 01, 2023",Geminion
"Monday, January 01, 2023",Geminion
"Tuesday, July 9, 2024",Geminion
"Tuesday, July 9, 2024",Geminion
"Monday, January 01, 2023",Ghost fighting treasure hunters
"Monday, January 01, 2023",Ghost fighting treasure hunters
"Monday, January 01, 2023",Gnomes at night
"Monday, January 01, 2023",Gnomes at night
"Monday, January 01, 2023",Gnomes at night
"Monday, January 01, 2023",Gnomes at night
"Monday, January 01, 2023",Great Western Trail
"Monday, January 01, 2023",Great Western Trail
"Monday, January 01, 2023",Great Western Trail
"Monday, January 01, 2023",Great Western Trail
"Saturday, March 30, 2024",Great Western Trail
"Sunday, March 31, 2024",Great Western Trail
"Sunday, March 31, 2024",Great Western Trail
"Tuesday, April 02, 2024",Great Western Trail
"Wednesday, April 03, 2024",Great Western Trail
"Thursday, April 04, 2024",Great Western Trail
"Friday, April 05, 2024",Great Western Trail
"Friday, April 05, 2024",Great Western Trail
"Saturday, April 06, 2024",Great Western Trail
"Monday, January 01, 2023",Hanabi
"Monday, January 01, 2023",Hanabi
"Wednesday, August 21, 2024",Hanabi
"Monday, January 01, 2023",Hanamikoji
"Monday, January 01, 2023",Hans Teutonica
"Friday, October 25, 2024",happy little dinosaurs
"Monday, January 01, 2023",Happy salmon
"Monday, January 01, 2023",Happy salmon
"Monday, January 01, 2023",Happy salmon
"Monday, January 01, 2023",Happy salmon
"Monday, January 01, 2023",Happy salmon
"Monday, January 01, 2023",Happy salmon
"Monday, January 01, 2023",Happy salmon
"Monday, January 01, 2023",Happy salmon
"Monday, January 01, 2023",Happy salmon
"Monday, January 01, 2023",Happy salmon
"Monday, January 01, 2023",Happy salmon
"Monday, January 01, 2023",Happy salmon
"Monday, January 01, 2023",Happy salmon
"Monday, January 01, 2023",Happy salmon
"Monday, January 01, 2023",Happy salmon
"Sunday, February 25, 2024",Headbanz
"Tuesday, May 21, 2024",Headbanz
"Sunday, August 18, 2024",Headbanz
"Monday, January 01, 2023",Hogwarts Battle
"Monday, January 01, 2023",Hogwarts Battle
"Monday, January 01, 2023",Hogwarts Battle
"Monday, January 01, 2023",Hogwarts Battle
"Monday, January 01, 2023",Hogwarts Battle
"Monday, January 01, 2023",Hogwarts Battle
"Monday, January 01, 2023",Hogwarts Battle
"Monday, January 01, 2023",Hogwarts Battle
"Monday, January 01, 2023",Hogwarts Battle
"Monday, January 01, 2023",Hogwarts Battle
"Saturday, January 06, 2024",Hogwarts Battle
"Friday, February 16, 2024",Hogwarts Battle
"Saturday, March 09, 2024",Hogwarts Battle
"Saturday, March 23, 2024",Hogwarts Battle
"Tuesday, May 14, 2024",Hogwarts Battle
"Thursday, May 16, 2024",Hogwarts Battle
"Thursday, May 16, 2024",Hogwarts Battle
"Sunday, May 19, 2024",Hogwarts Battle
"Sunday, May 19, 2024",Hogwarts Battle
"Wednesday, May 22, 2024",Hogwarts Battle
"Thursday, May 23, 2024",Hogwarts Battle
"Monday, May 27, 2024",Hogwarts Battle
"Wednesday, May 29, 2024",Hogwarts Battle
"Friday, May 31, 2024",Hogwarts Battle
"Thursday, June 13, 2024",Hogwarts Battle
"Saturday, June 22, 2024",Hogwarts Battle
"Wednesday, March 13, 2024",Horizons of spirit queen
"Wednesday, May 1, 2024",Horizons of spirit queen
"Thursday, May 16, 2024",Horizons of spirit queen
"Wednesday, May 29, 2024",Horizons of spirit queen
"Monday, January 01, 2023",Hotzenplotz
"Monday, January 01, 2023",Hotzenplotz
"Monday, January 01, 2023",Hotzenplotz
"Thursday, May 9, 2024",Imperium: Classics
"Friday, May 10, 2024",Imperium: Classics
"Saturday, May 11, 2024",Imperium: Classics
"Sunday, May 12, 2024",Imperium: Classics
"Monday, May 13, 2024",Imperium: Classics
"Tuesday, May 14, 2024",Imperium: Classics
"Tuesday, May 14, 2024",Imperium: Classics
"Wednesday, May 15, 2024",Imperium: Classics
"Friday, May 17, 2024",Imperium: Classics
"Monday, May 27, 2024",Imperium: Classics
"Tuesday, July 23, 2024",Imperium: Classics
"Tuesday, July 30, 2024",Imperium: Classics
"Sunday, September 1, 2024",Imperium: Classics
"Sunday, September 15, 2024",Imperium: Classics
"Monday, October 28, 2024",Imperium: Classics
"Thursday, January 18, 2024",Istanbul
"Monday, January 01, 2023",Karuba
"Monday, January 01, 2023",Karuba
"Monday, January 01, 2023",Karuba
"Monday, January 01, 2023",Karuba
"Monday, January 01, 2023",Karuba
"Monday, January 01, 2023",Karuba
"Monday, January 01, 2023",Karuba
"Monday, January 08, 2024",Karuba
"Saturday, January 27, 2024",Karuba
"Tuesday, May 14, 2024",Karuba
"Saturday, July 6, 2024",Karuba
"Monday, January 01, 2023",Kingdomino
"Monday, January 01, 2023",Kingdomino
"Monday, January 01, 2023",Kingdomino
"Monday, January 01, 2023",Kingdomino
"Monday, January 01, 2023",Kingdomino
"Monday, January 01, 2023",Kingdomino
"Thursday, January 25, 2024",Kingdomino
"Thursday, June 20, 2024",Kingdomino
"Tuesday, October 22, 2024",Kingdomino
"Monday, January 01, 2023",Legacy of yu
"Monday, January 01, 2023",Legacy of yu
"Monday, January 01, 2023",Legacy of yu
"Monday, January 01, 2023",Legacy of yu
"Monday, January 01, 2023",Legacy of yu
"Monday, January 01, 2023",Legacy of yu
"Monday, January 01, 2023",Legacy of yu
"Monday, January 01, 2023",Legacy of yu
"Monday, January 01, 2023",Legacy of yu
"Monday, January 01, 2023",Legacy of yu
"Monday, January 01, 2023",Legacy of yu
"Monday, January 01, 2023",Legacy of yu
"Monday, January 01, 2023",Legacy of yu
"Monday, January 01, 2023",Legacy of yu
"Monday, January 01, 2023",Legacy of yu
"Monday, January 01, 2023",Legacy of yu
"Monday, January 01, 2023",Legacy of yu
"Monday, January 01, 2023",Legacy of yu
"Monday, January 01, 2023",Legacy of yu
"Monday, January 01, 2023",Legacy of yu
"Tuesday, March 12, 2024",Legacy of yu
"Saturday, March 16, 2024",Legacy of yu
"Monday, January 01, 2023",Lost ruins of Arnak
"Monday, January 01, 2023",Lost ruins of Arnak
"Monday, January 01, 2023",Lost ruins of Arnak
"Monday, January 01, 2023",Lost ruins of Arnak
"Monday, January 01, 2023",Lost ruins of Arnak
"Monday, January 01, 2023",Lost ruins of Arnak
"Tuesday, January 09, 2024",Lost ruins of Arnak
"Wednesday, January 10, 2024",Lost ruins of Arnak
"Friday, January 12, 2024",Lost ruins of Arnak
"Sunday, January 14, 2024",Lost ruins of Arnak
"Monday, January 22, 2024",Lost ruins of Arnak
"Tuesday, January 23, 2024",Lost ruins of Arnak
"Friday, February 09, 2024",Lost ruins of Arnak
"Saturday, February 10, 2024",Lost ruins of Arnak
"Sunday, February 11, 2024",Lost ruins of Arnak
"Monday, February 12, 2024",Lost ruins of Arnak
"Tuesday, February 13, 2024",Lost ruins of Arnak
"Tuesday, February 20, 2024",Lost ruins of Arnak
"Thursday, February 22, 2024",Lost ruins of Arnak
"Tuesday, February 27, 2024",Lost ruins of Arnak
"Monday, March 18, 2024",Lost ruins of Arnak
"Tuesday, March 19, 2024",Lost ruins of Arnak
"Saturday, March 23, 2024",Lost ruins of Arnak
"Monday, July 22, 2024",Lost ruins of Arnak
"Sunday, June 9, 2024",Lost Species
"Monday, June 10, 2024",Lost Species
"Monday, January 01, 2023",Magic Maze
"Monday, March 18, 2024",Magic Maze
"Monday, January 01, 2023",Mancala
"Monday, January 01, 2023",Mancala
"Monday, January 01, 2023",Mancala
"Monday, January 01, 2023",Marvel champions
"Monday, January 01, 2023",Marvel champions
"Monday, January 01, 2023",Marvel champions
"Tuesday, January 30, 2024",Marvel champions
"Wednesday, January 31, 2024",Marvel champions
"Thursday, February 01, 2024",Marvel champions
"Friday, May 31, 2024",Marvel champions
"Monday, January 01, 2023",Micro Macro
"Monday, January 01, 2023",Micro Macro
"Monday, January 01, 2023",Micro Macro
"Monday, January 01, 2023",Micro Macro
"Monday, January 01, 2023",Micro Macro
"Saturday, June 1, 2024",Micro Macro
"Monday, January 01, 2023",Meadow
"Monday, January 01, 2023",Meadow
"Monday, January 01, 2023",Meadow
"Monday, January 01, 2023",Meadow
"Monday, January 01, 2023",Meadow
"Monday, January 01, 2023",Meadow
"Monday, January 22, 2024",Meadow
"Saturday, February 10, 2024",Meadow
"Sunday, March 10, 2024",Meadow
"Sunday, April 28, 2024",Meadow
"Tuesday, June 25, 2024",Meadow
"Monday, January 01, 2023",Memory
"Monday, January 01, 2023",Memory
"Monday, January 01, 2023",Monopoly Deal
"Monday, January 01, 2023",Monopoly Deal
"Monday, January 01, 2023",Monopoly Deal
"Monday, January 01, 2023",Monopoly Deal
"Monday, January 01, 2023",Monopoly Deal
"Monday, January 01, 2023",Monopoly Deal
"Monday, April 29, 2024",Monopoly Deal
"Wednesday, May 22, 2024",Monopoly Deal
"Thursday, May 23, 2024",Monopoly Deal
"Thursday, May 23, 2024",Monopoly Deal
"Friday, May 24, 2024",Monopoly Deal
"Wednesday, August 7, 2024",Monopoly Deal
"Thursday, August 8, 2024",Monopoly Deal
"Wednesday, August 14, 2024",Monopoly Deal
"Monday, August 26, 2024",Monopoly Deal
"Wednesday, October 2, 2024",Monopoly Deal
"Thursday, October 3, 2024",Monopoly Deal
"Monday, January 01, 2023",Mr Jack
"Monday, January 01, 2023",Mr Jack
"Monday, January 01, 2023",Mr Jack
"Monday, January 01, 2023",Mt Kilajava
"Monday, January 01, 2023",Mystic Vale
"Monday, January 01, 2023",Mystic Vale
"Monday, January 01, 2023",Mystic Vale
"Tuesday, May 14, 2024",Mystic Vale
"Wednesday, October 23, 2024",Mystic Vale
"Monday, January 01, 2023",Old maid
"Monday, January 01, 2023",Old maid
"Monday, January 01, 2023",Old maid
"Monday, January 01, 2023",Onitama
"Monday, January 01, 2023",Once upon a time
"Monday, January 01, 2023",Once upon a time
"Monday, January 01, 2023",Outfoxed
"Monday, January 01, 2023",Outfoxed
"Monday, January 01, 2023",Outfoxed
"Sunday, July 14, 2024",Outfoxed
"Monday, January 01, 2023",Pacific Ocean
"Monday, January 01, 2023",Pacific Ocean
"Monday, January 01, 2023",Pacific Ocean
"Monday, January 01, 2023",Pacific Ocean
"Monday, January 01, 2023",Pacific Ocean
"Monday, January 01, 2023",Pacific Ocean
"Thursday, May 16, 2024",Pacific Ocean
"Tuesday, May 21, 2024",Pacific Ocean
"Wednesday, May 22, 2024",Pacific Ocean
"Monday, January 01, 2023",Pandemic Legacy: Season 1
"Monday, January 01, 2023",Pandemic Legacy: Season 1
"Monday, January 01, 2023",Pandemic Legacy: Season 1
"Monday, January 01, 2023",Pandemic Legacy: Season 1
"Monday, January 01, 2023",Pandemic Legacy: Season 1
"Monday, January 01, 2023",Pandemic Legacy: Season 1
"Monday, January 01, 2023",Pandemic Legacy: Season 1
"Monday, January 01, 2023",Pandemic Legacy: Season 1
"Monday, January 01, 2023",Pandemic Legacy: Season 1
"Monday, January 01, 2023",Pandemic Legacy: Season 1
"Monday, January 01, 2023",Pandemic Legacy: Season 1
"Monday, January 01, 2023",Pandemic Legacy: Season 1
"Monday, January 01, 2023",Pandemic Legacy: Season 1
"Monday, January 01, 2023",Pandemic Legacy: Season 1
"Monday, January 01, 2023",Pass the party food
"Monday, January 01, 2023",Pass the party food
"Monday, January 01, 2023",Pass the party food
"Monday, January 01, 2023",Pass the party food
"Monday, January 01, 2023",Pass the party food
"Monday, January 01, 2023",Pass the party food
"Monday, January 01, 2023",Pass the party food
"Tuesday, May 28, 2024",Pass the party food
"Monday, January 01, 2023",Pictures
"Monday, January 01, 2023",Pictures
"Monday, January 01, 2023",Pictures
"Monday, January 01, 2023",Pictures
"Monday, January 01, 2023",Pictures
"Monday, January 01, 2023",Planet
"Monday, January 01, 2023",Planet
"Monday, January 01, 2023",Planet
"Monday, January 01, 2023",Planet
"Monday, January 01, 2023",Planet
"Monday, January 01, 2023",Planet
"Monday, January 01, 2023",Planet
"Friday, June 21, 2024",Planet
"Monday, January 01, 2023",Pokemon
"Monday, January 01, 2023",Pokemon
"Monday, January 01, 2023",Pokemon
"Monday, January 01, 2023",Pokemon
"Monday, January 01, 2023",Pokemon
"Monday, January 01, 2023",Pokemon
"Monday, January 01, 2023",Pokemon
"Monday, January 01, 2023",Pokemon
"Monday, January 01, 2023",Pokemon
"Monday, January 01, 2023",Pokemon
"Tuesday, January 09, 2024",Pokemon
"Saturday, January 13, 2024",Pokemon
"Sunday, January 14, 2024",Pokemon
"Tuesday, January 16, 2024",Pokemon
"Wednesday, January 17, 2024",Pokemon
"Saturday, January 20, 2024",Pokemon
"Monday, January 22, 2024",Pokemon
"Saturday, January 27, 2024",Pokemon
"Monday, January 29, 2024",Pokemon
"Friday, February 02, 2024",Pokemon
"Sunday, February 04, 2024",Pokemon
"Saturday, February 10, 2024",Pokemon
"Friday, March 01, 2024",Pokemon
"Tuesday, March 05, 2024",Pokemon
"Wednesday, March 20, 2024",Pokemon
"Friday, March 22, 2024",Pokemon
"Thursday, March 28, 2024",Pokemon
"Friday, March 29, 2024",Pokemon
"Friday, March 29, 2024",Pokemon
"Saturday, March 30, 2024",Pokemon
"Sunday, March 31, 2024",Pokemon
"Sunday, March 31, 2024",Pokemon
"Monday, April 01, 2024",Pokemon
"Monday, April 01, 2024",Pokemon
"Tuesday, April 02, 2024",Pokemon
"Tuesday, April 02, 2024",Pokemon
"Saturday, April 06, 2024",Pokemon
"Saturday, April 06, 2024",Pokemon
"Friday, April 12, 2024",Pokemon
"Saturday, April 13, 2024",Pokemon
"Friday, April 26, 2024",Pokemon
"Saturday, April 27, 2024",Pokemon
"Sunday, April 28, 2024",Pokemon
"Monday, April 29, 2024",Pokemon
"Sunday, May 12, 2024",Pokemon
"Sunday, May 12, 2024",Pokemon
"Tuesday, May 14, 2024",Pokemon
"Sunday, May 19, 2024",Pokemon
"Monday, May 20, 2024",Pokemon
"Monday, May 20, 2024",Pokemon
"Tuesday, May 21, 2024",Pokemon
"Wednesday, May 22, 2024",Pokemon
"Thursday, May 23, 2024",Pokemon
"Wednesday, May 29, 2024",Pokemon
"Friday, May 31, 2024",Pokemon
"Friday, May 31, 2024",Pokemon
"Monday, June 24, 2024",Pokemon
"Monday, June 24, 2024",Pokemon
"Sunday, June 30, 2024",Pokemon
"Thursday, August 8, 2024",Pokemon
"Thursday, August 8, 2024",Pokemon
"Sunday, August 25, 2024",Pokemon
"Saturday, October 26, 2024",Pokemon
"Monday, January 01, 2023",Pokémon: my first battle
"Monday, January 01, 2023",Pokémon: my first battle
"Monday, January 01, 2023",Pokémon: my first battle
"Monday, January 01, 2023",Pokémon: my first battle
"Monday, January 01, 2023",Pokémon: my first battle
"Monday, January 01, 2023",Pokémon: my first battle
"Monday, January 01, 2023",Pokémon: my first battle
"Monday, January 01, 2023",Pokémon: my first battle
"Monday, January 01, 2023",Pokémon: my first battle
"Monday, January 01, 2023",Pokémon: my first battle
"Monday, January 01, 2023",Pokémon: my first battle
"Monday, January 01, 2023",Pokémon: my first battle
"Monday, January 01, 2023",Pokémon: my first battle
"Monday, January 01, 2023",Pokémon: my first battle
"Monday, January 01, 2023",Pokémon: my first battle
"Monday, January 01, 2023",Pokémon: my first battle
"Monday, January 29, 2024",Pokémon: my first battle
"Tuesday, January 30, 2024",Pokémon: my first battle
"Sunday, February 04, 2024",Pokémon: my first battle
"Saturday, February 10, 2024",Pokémon: my first battle
"Saturday, March 02, 2024",Pokémon: my first battle
"Sunday, March 03, 2024",Pokémon: my first battle
"Sunday, March 17, 2024",Pokémon: my first battle
"Sunday, March 24, 2024",Pokémon: my first battle
"Sunday, March 31, 2024",Pokémon: my first battle
"Thursday, May 23, 2024",Pokémon: my first battle
"Sunday, August 25, 2024",Pokémon: my first battle
"Saturday, October 12, 2024",Pokémon: my first battle
"Monday, January 01, 2023",Poo
"Monday, January 01, 2023",Poo
"Monday, January 01, 2023",Poo
"Monday, January 01, 2023",Poo
"Monday, January 01, 2023",Poo
"Monday, January 01, 2023",Poo
"Monday, January 01, 2023",Poo
"Monday, January 01, 2023",Poo
"Monday, January 01, 2023",Poo
"Monday, January 01, 2023",Poo
"Monday, January 01, 2023",Poo
"Monday, January 01, 2023",Poo
"Monday, January 01, 2023",Poo
"Monday, January 01, 2023",Poo
"Saturday, September 28, 2024",Poo
"Friday, October 25, 2024",Poo
"Monday, January 01, 2023",Poo Bingo
"Monday, January 01, 2023",Poo Bingo
"Monday, January 01, 2023",Poo Bingo
"Monday, January 01, 2023",Poo Bingo
"Monday, January 01, 2023",Poo Bingo
"Monday, January 01, 2023",Poo Bingo
"Monday, January 01, 2023",Poo Bingo
"Monday, January 01, 2023",Poo Bingo
"Monday, January 01, 2023",Poo Bingo
"Monday, January 01, 2023",Poo Bingo
"Monday, January 01, 2023",Poo Bingo
"Monday, January 01, 2023",Poo Bingo
"Monday, January 01, 2023",Poo Bingo
"Monday, January 01, 2023",Poo Bingo
"Monday, January 01, 2023",Poo Bingo
"Monday, January 01, 2023",Poo Bingo
"Sunday, August 4, 2024",Poo Bingo
"Friday, October 25, 2024",Poo Bingo
"Monday, January 01, 2023",Project L
"Monday, January 01, 2023",Project L
"Monday, January 01, 2023",Project L
"Monday, January 01, 2023",Project L
"Monday, January 01, 2023",Project L
"Monday, January 01, 2023",Project L
"Monday, January 01, 2023",Project L
"Monday, January 01, 2023",Project L
"Monday, January 01, 2023",Project L
"Saturday, January 27, 2024",Project L
"Saturday, February 17, 2024",Project L
"Friday, May 31, 2024",Project L
"Monday, January 01, 2023",Quacks of Quendlinburg
"Monday, January 01, 2023",Quacks of Quendlinburg
"Monday, January 01, 2023",Quacks of Quendlinburg
"Monday, January 01, 2023",Quacks of Quendlinburg
"Monday, January 01, 2023",Quacks of Quendlinburg
"Monday, January 01, 2023",Quacks of Quendlinburg
"Monday, January 01, 2023",Quacks of Quendlinburg
"Friday, January 12, 2024",Quacks of Quendlinburg
"Sunday, January 14, 2024",Quacks of Quendlinburg
"Tuesday, January 16, 2024",Quacks of Quendlinburg
"Sunday, March 17, 2024",Quacks of Quendlinburg
"Friday, March 29, 2024",Quacks of Quendlinburg
"Saturday, April 27, 2024",Quacks of Quendlinburg
"Saturday, May 18, 2024",Quacks of Quendlinburg
"Friday, June 21, 2024",Quacks of Quendlinburg
"Wednesday, July 10, 2024",Quacks of Quendlinburg
"Monday, July 15, 2024",Quacks of Quendlinburg
"Saturday, July 20, 2024",Quacks of Quendlinburg
"Sunday, July 21, 2024",Quacks of Quendlinburg
"Saturday, January 06, 2024",Race for the galaxy
"Friday, February 02, 2024",Race for the galaxy
"Friday, February 02, 2024",Race for the galaxy
"Saturday, February 10, 2024",Race for the galaxy
"Saturday, February 17, 2024",Race for the galaxy
"Saturday, April 27, 2024",Race for the galaxy
"Sunday, May 5, 2024",Race for the galaxy
"Monday, January 01, 2023",Rat a tat cat
"Monday, January 01, 2023",Rat a tat cat
"Monday, January 01, 2023",Rat a tat cat
"Monday, January 01, 2023",Rat a tat cat
"Monday, January 01, 2023",Rat a tat cat
"Monday, January 01, 2023",Rat a tat cat
"Monday, January 01, 2023",Rat a tat cat
"Monday, January 01, 2023",Rat a tat cat
"Monday, January 01, 2023",Rat a tat cat
"Monday, January 01, 2023",Rat a tat cat
"Monday, January 01, 2023",Rat a tat cat
"Monday, January 01, 2023",Rat a tat cat
"Monday, January 01, 2023",Rat a tat cat
"Monday, January 01, 2023",Rat a tat cat
"Monday, January 01, 2023",Rat a tat cat
"Monday, January 01, 2023",Rat a tat cat
"Monday, January 01, 2023",Rat a tat cat
"Monday, January 01, 2023",Rat a tat cat
"Monday, January 01, 2023",Rat a tat cat
"Monday, January 01, 2023",Rat a tat cat
"Monday, January 01, 2023",Rat a tat cat
"Monday, January 01, 2023",Rat a tat cat
"Monday, January 01, 2023",Rat a tat cat
"Monday, January 01, 2023",Rat a tat cat
"Monday, January 01, 2023",Rat a tat cat
"Monday, January 01, 2023",Rhino Hero: Super Battle
"Monday, January 01, 2023",Rhino Hero: Super Battle
"Thursday, July 25, 2024",Rhino Hero: Super Battle
"Monday, January 01, 2023",The Robber Hotzenplotz
"Monday, January 01, 2023",The Robber Hotzenplotz
"Monday, January 01, 2023",The Robber Hotzenplotz
"Monday, January 01, 2023",The Robber Hotzenplotz
"Monday, January 01, 2023",Roll & Meow
"Monday, April 29, 2024",Rummikub
"Wednesday, May 1, 2024",Rummikub
"Friday, May 3, 2024",Rummikub
"Sunday, May 5, 2024",Rummikub
"Friday, May 31, 2024",Rummikub
"Sunday, June 30, 2024",Rummikub
"Saturday, July 13, 2024",Rummikub
"Saturday, September 28, 2024",Rummikub
"Sunday, September 29, 2024",Rummikub
"Monday, September 30, 2024",Rummikub
"Monday, January 01, 2023",Saboteur
"Monday, January 01, 2023",Saboteur
"Monday, January 01, 2023",Saboteur
"Monday, January 01, 2023",Saboteur
"Monday, January 01, 2023",Saboteur
"Monday, January 01, 2023",Saboteur
"Monday, January 01, 2023",Saboteur
"Monday, January 01, 2023",Saboteur
"Monday, January 01, 2023",Saboteur
"Sunday, August 4, 2024",Saboteur
"Sunday, August 4, 2024",Saboteur
"Tuesday, August 6, 2024",Saboteur
"Sunday, August 11, 2024",Saboteur
"Sunday, September 29, 2024",Saboteur
"Monday, January 01, 2023",Santa's workshop
"Monday, January 01, 2023",Santorini
"Monday, January 01, 2023",Santorini
"Monday, January 01, 2023",Santorini
"Monday, January 01, 2023",Santorini
"Saturday, February 10, 2024",Santorini
"Monday, January 01, 2023",SCOUT
"Monday, January 01, 2023",SCOUT
"Monday, January 01, 2023",SCOUT
"Monday, January 01, 2023",SCOUT
"Monday, January 01, 2023",SCOUT
"Monday, January 01, 2023",SCOUT
"Saturday, June 1, 2024",SCOUT
"Monday, January 01, 2023",Scribbly Gum
"Monday, January 01, 2023",Scribbly Gum
"Monday, January 01, 2023",Scribbly Gum
"Monday, January 01, 2023",Scribbly Gum
"Monday, January 01, 2023",Scribbly Gum
"Monday, January 01, 2023",Scribbly Gum
"Monday, January 01, 2023",Scribbly Gum
"Monday, January 01, 2023",Scribbly Gum
"Monday, January 01, 2023",Scribbly Gum
"Monday, January 01, 2023",Scribbly Gum
"Monday, January 01, 2023",Scribbly Gum
"Wednesday, January 24, 2024",Scribbly Gum
"Tuesday, March 05, 2024",Scribbly Gum
"Friday, May 17, 2024",Scribbly Gum
"Tuesday, May 28, 2024",Scribbly Gum
"Saturday, June 1, 2024",Scribbly Gum
"Monday, January 01, 2023",Scythe
"Monday, January 01, 2023",Scythe
"Monday, January 01, 2023",Scythe
"Monday, January 01, 2023",The Search for planet X
"Wednesday, April 03, 2024",The Search for planet X
"Monday, January 01, 2023",The Shivers
"Monday, January 01, 2023",The Shivers
"Monday, January 01, 2023",The Shivers
"Monday, January 01, 2023",The Shivers
"Monday, January 01, 2023",The Shivers
"Monday, January 01, 2023",The Shivers
"Monday, January 01, 2023",The Shivers
"Monday, January 01, 2023",Sleeping Gods
"Monday, January 01, 2023",Sleeping Gods
"Monday, January 01, 2023",Sleeping Gods
"Monday, January 01, 2023",Sleeping Gods
"Monday, January 01, 2023",Sleeping Queens
"Monday, January 01, 2023",Sleeping Queens
"Monday, January 01, 2023",Sleeping Queens
"Monday, January 01, 2023",Sleeping Queens
"Monday, January 01, 2023",Sleeping Queens
"Monday, January 01, 2023",Sleeping Queens
"Wednesday, January 03, 2024",Sleeping Queens
"Sunday, April 14, 2024",Sleeping Queens
"Monday, January 01, 2023",Sleeping Queens 2
"Monday, January 01, 2023",Sleeping Queens 2
"Monday, January 01, 2023",Sleeping Queens 2
"Monday, January 01, 2023",Sleeping Queens 2
"Monday, January 01, 2023",Sleeping Queens 2
"Monday, January 01, 2023",Sleeping Queens 2
"Monday, January 01, 2023",Sleeping Queens 2
"Sunday, April 14, 2024",Sleeping Queens 2
"Monday, June 17, 2024",Sleeping Queens 2
"Thursday, August 8, 2024",Sleeping Queens 2
"Tuesday, April 16, 2024",Splendour (Pokémon)
"Thursday, April 18, 2024",Splendour (Pokémon)
"Monday, April 22, 2024",Splendour (Pokémon)
"Tuesday, April 23, 2024",Splendour (Pokémon)
"Tuesday, April 23, 2024",Splendour (Pokémon)
"Friday, April 26, 2024",Splendour (Pokémon)
"Sunday, April 28, 2024",Splendour (Pokémon)
"Monday, April 29, 2024",Splendour (Pokémon)
"Saturday, May 11, 2024",Splendour (Pokémon)
"Friday, June 14, 2024",Splendour (Pokémon)
"Saturday, June 15, 2024",Splendour (Pokémon)
"Friday, June 21, 2024",Splendour (Pokémon)
"Sunday, August 18, 2024",Splendour (Pokémon)
"Thursday, August 22, 2024",Splendour (Pokémon)
"Saturday, August 24, 2024",Splendour (Pokémon)
"Tuesday, September 17, 2024",Splendour (Pokémon)
"Sunday, October 13, 2024",Spirit Island
"Sunday, October 13, 2024",Spirit Island
"Tuesday, October 15, 2024",Spirit Island
"Saturday, October 19, 2024",Spirit Island
"Tuesday, October 22, 2024",Spirit Island
"Friday, October 25, 2024",Spirit Island
"Saturday, October 26, 2024",Spirit Island
"Monday, January 01, 2023",Stone Age
"Monday, January 01, 2023",Stone Age: My First
"Monday, January 01, 2023",Stone Age: My First
"Monday, January 01, 2023",Stone Age: My First
"Friday, August 23, 2024",Stone Age: My First
"Monday, January 01, 2023",Stuffed Fables
"Monday, January 01, 2023",Stuffed Fables
"Monday, January 01, 2023",Sushi Go
"Monday, January 01, 2023",Sushi Go
"Monday, January 01, 2023",Sushi Go
"Sunday, July 14, 2024",Sushi Go
"Wednesday, August 21, 2024",Sushi Go
"Sunday, September 29, 2024",Taco cat goat ...
"Monday, September 30, 2024",Taco cat goat ...
"Tuesday, October 1, 2024",Taco cat goat ...
"Thursday, October 3, 2024",Taco cat goat ...
"Friday, October 4, 2024",Taco cat goat ...
"Monday, January 01, 2023",Targi
"Sunday, March 24, 2024",Targi
"Monday, January 01, 2023",Ticket to Ride: First Journey
"Monday, January 01, 2023",Ticket to Ride: First Journey
"Monday, January 01, 2023",Ticket to Ride: First Journey
"Tuesday, April 09, 2024",Ticket to Ride: First Journey
"Wednesday, August 7, 2024",Ticket to Ride: First Journey
"Monday, January 01, 2023",Tiny Towns
"Monday, January 01, 2023",Tiny Towns
"Tuesday, July 16, 2024",Tiny Towns
"Monday, January 01, 2023",Top Trump: Dinosaurs
"Monday, January 01, 2023",Top Trump: Dinosaurs
"Monday, January 01, 2023",Top Trump: Dinosaurs
"Monday, January 01, 2023",Top Trump: Dinosaurs
"Monday, January 01, 2023",Top Trump: Dinosaurs
"Monday, January 01, 2023",Top Trump: Dinosaurs
"Monday, January 01, 2023",Top Trump: Dinosaurs
"Monday, January 01, 2023",Top Trump: Dinosaurs
"Monday, January 01, 2023",Top Trump: Dinosaurs
"Monday, January 01, 2023",Top Trump: Dinosaurs
"Monday, January 01, 2023",Top Trump: Dinosaurs
"Monday, January 01, 2023",Top Trump: Dinosaurs
"Monday, January 01, 2023",Top Trump: Dinosaurs
"Monday, January 01, 2023",Top Trump: Dinosaurs
"Monday, January 01, 2023",Top Trump: Dinosaurs
"Monday, January 01, 2023",Top Trump: Dinosaurs
"Monday, January 01, 2023",Top Trump: Dinosaurs
"Monday, January 01, 2023",Top Trump: Dinosaurs
"Monday, January 01, 2023",Top Trump: Dinosaurs
"Monday, January 01, 2023",Top Trump: Dinosaurs
"Monday, January 01, 2023",Top Trump: Dinosaurs
"Monday, January 01, 2023",Top Trump: Dinosaurs
"Monday, January 01, 2023",Top Trump: Dinosaurs
"Monday, May 20, 2024",Top Trump: Dinosaurs
"Sunday, August 4, 2024",Top Trump: Dinosaurs
"Friday, September 13, 2024",Top Trump: Dinosaurs
"Tuesday, September 17, 2024",Top Trump: Dinosaurs
"Monday, January 01, 2023",Top Trump: Harry Potter
"Monday, January 01, 2023",Top Trump: Harry Potter
"Tuesday, May 21, 2024",Top Trump: Harry Potter
"Monday, January 01, 2023",Top trumps: Stat Attack
"Monday, January 01, 2023",Top trumps: Stat Attack
"Monday, January 01, 2023",Top trumps: Stat Attack
"Monday, January 01, 2023",Top trumps: Stat Attack
"Monday, January 01, 2023",Top trumps: Stat Attack
"Monday, January 01, 2023",Top trumps: Stat Attack
"Monday, January 01, 2023",Top trumps: Stat Attack
"Monday, January 01, 2023",Top trumps: Stat Attack
"Monday, January 01, 2023",Top trumps: Stat Attack
"Monday, January 01, 2023",Unlock!: Heroic Adventures
"Monday, January 01, 2023",Unlock!: Heroic Adventures
"Monday, January 01, 2023",Unlock! Kids: Detetective Stories
"Monday, January 01, 2023",Unlock! Kids: Detetective Stories
"Monday, January 01, 2023",Unlock! Kids: Detetective Stories
"Monday, January 01, 2023",Unlock! Kids: Detetective Stories
"Wednesday, January 03, 2024",Unstable Unicorns: Travel
"Sunday, July 14, 2024",Unstable Unicorns: Travel
"Monday, January 01, 2023",UNO
"Monday, January 01, 2023",UNO
"Monday, January 01, 2023",UNO
"Monday, January 01, 2023",UNO
"Monday, January 01, 2023",UNO
"Monday, January 01, 2023",UNO
"Monday, January 01, 2023",UNO
"Monday, January 01, 2023",UNO
"Monday, January 01, 2023",UNO
"Monday, January 01, 2023",UNO
"Monday, January 01, 2023",UNO
"Monday, April 29, 2024",UNO
"Sunday, August 18, 2024",UNO
"Monday, January 01, 2023",Valley of the Vikings
"Monday, January 01, 2023",Valley of the Vikings
"Monday, January 01, 2023",Valley of the Vikings
"Tuesday, March 05, 2024",Valley of the Vikings
"Monday, January 01, 2023",Voyages
"Monday, January 01, 2023",Waypoints
"Monday, January 01, 2023",Waypoints
"Monday, January 01, 2023",Wingspan
"Monday, January 01, 2023",Wingspan
"Monday, January 01, 2023",Wingspan
"Monday, January 01, 2023",Wingspan
"Monday, February 05, 2024",Wingspan
"Monday, January 01, 2023",Yahtzee
